<?xml version="1.0" encoding="UTF-8" standalone="yes"?>
<addon id="plugin.program.tecnokodiwizard" name="TecnoKodi Wizard" version="1.0" provider-name="TecnoDaniel">
  <requires>
    <import addon="xbmc.python" version="2.1.0"/>
  </requires>
  <extension point="xbmc.python.pluginsource" library="default.py">
        <provides>executable</provides>
  </extension>
  <extension point="xbmc.addon.metadata">
    <summary lang="en">TecnoKodi Wizard</summary>
    <description lang="en">Addon instalador para TecnoKodi Wizard</description>
    <platform>all</platform>
  </extension>
</addon>
