<?xml version="1.0" encoding="UTF-8" standalone="yes"?>
<addon id="plugin.program.tecnokodiwizard" name="[B][COLOR dodgerblue]TecnoKodi[/COLOR][/B] Wizard" version="1.1" provider-name="TecnoKodi">
  <requires>
    <import addon="xbmc.python" version="2.1.0"/>
  </requires>
  <extension point="xbmc.python.pluginsource" library="default.py">
    <provides>executable</provides>
  </extension>
  <extension point="xbmc.service" library="startup.py" start="startup" />
  <extension point="xbmc.addon.metadata">
    <summary lang="en">[B][COLOR dodgerblue]TecnoKodi[/COLOR][/B] Wizard</summary>
    <description lang="en">[B][COLOR dodgerblue]TecnoKodi[/COLOR][/B] Wizard ofrece muchas funciones de mantenimiento, guardado selectivo de datos adicionales e instalaciones automatizadas.</description>
    <platform>all</platform>
  </extension>
</addon>
