<?xml version="1.0" encoding="UTF-8" standalone="yes"?>
<addon id="repository.tecnokodiwizard" name="TecnoKodi Wizard official Repo" version="1.0" provider-name="TecnoKodi">
    <extension point="xbmc.addon.repository" name="TecnoKodi Wizard official Repo">
        <dir>
            <info compressed="false">https://raw.githubusercontent.com/tecnomaster/tecnokodiwizard/master/zips/repository.tecnokodiwizard/addon.xml</info>
            <checksum>https://raw.githubusercontent.com/tecnomaster/tecnokodiwizard/master/zips/repository.tecnokodiwizard/addons.xml.md5</checksum>
            <datadir zip="true">https://raw.githubusercontent.com/tecnomaster/tecnokodiwizard/master/zips/repository.tecnokodiwizard/</datadir>
        </dir>
    </extension>
    <extension point="xbmc.addon.metadata">
        <summary>TecnoKodi Wizard official Repo</summary>
        <description>Repositorio Oficial de TecnoKodi Wizard</description>
        <disclaimer></disclaimer>
        <platform>all</platform>
        <assets>
            <icon>icon.png</icon>
            <fanart>fanart.jpg</fanart>
        </assets>
    </extension>
</addon>