<?xml version="1.0" encoding="UTF-8" standalone="yes"?>
<addon id="plugin.program.miwizard" name="Mi Wizard" version="1.0" provider-name="NombredelCreador">
  <requires>
    <import addon="xbmc.python" version="2.1.0"/>
  </requires>
  <extension point="xbmc.python.pluginsource" library="default.py">
        <provides>executable</provides>
  </extension>
  <extension point="xbmc.addon.metadata">
    <summary lang="en">Mi Wizard</summary>
    <description lang="en">Addon instalador para el paquete de distribuci�n Mi Wizard</description>
    <platform>all</platform>
  </extension>
</addon>
